review_id,product_id,review_comment,review_date,rating,review_year,review_month,review_bucket
1,1,Would not recommend!,2025-04-30 09:41:02.053000+00:00,3,2025,4,neutral
2,1,Very satisfied!,2025-04-30 09:41:02.053000+00:00,4,2025,4,good
3,1,Highly impressed!,2025-04-30 09:41:02.053000+00:00,5,2025,4,excellent
4,2,Great product!,2025-04-30 09:41:02.053000+00:00,5,2025,4,excellent
5,2,Awesome product!,2025-04-30 09:41:02.053000+00:00,4,2025,4,good
6,2,Poor quality!,2025-04-30 09:41:02.053000+00:00,1,2025,4,bad
7,3,Would buy again!,2025-04-30 09:41:02.053000+00:00,4,2025,4,good
8,3,Highly impressed!,2025-04-30 09:41:02.053000+00:00,5,2025,4,excellent
9,3,Very dissatisfied!,2025-04-30 09:41:02.053000+00:00,1,2025,4,bad
10,4,Great product!,2025-04-30 09:41:02.053000+00:00,4,2025,4,good
11,4,Great product!,2025-04-30 09:41:02.053000+00:00,5,2025,4,excellent
12,4,Would buy again!,2025-04-30 09:41:02.053000+00:00,5,2025,4,excellent
13,5,Poor quality!,2025-04-30 09:41:02.053000+00:00,2,2025,4,bad
14,5,Great product!,2025-04-30 09:41:02.053000+00:00,5,2025,4,excellent
15,5,Very unhappy with my purchase!,2025-04-30 09:41:02.053000+00:00,1,2025,4,bad
16,6,Very disappointed!,2025-04-30 09:41:02.053000+00:00,2,2025,4,bad
17,6,Fast shipping!,2025-04-30 09:41:02.053000+00:00,4,2025,4,good
18,6,Not as described!,2025-04-30 09:41:02.053000+00:00,3,2025,4,neutral
19,7,Highly impressed!,2025-04-30 09:41:02.053000+00:00,4,2025,4,good
20,7,Awesome product!,2025-04-30 09:41:02.053000+00:00,5,2025,4,excellent
21,7,Very happy with my purchase!,2025-04-30 09:41:02.053000+00:00,5,2025,4,excellent
22,8,Great value for money!,2025-04-30 09:41:02.053000+00:00,5,2025,4,excellent
23,8,Great value for money!,2025-04-30 09:41:02.053000+00:00,4,2025,4,good
24,8,Great product!,2025-04-30 09:41:02.053000+00:00,4,2025,4,good
25,9,Would buy again!,2025-04-30 09:41:02.053000+00:00,4,2025,4,good
26,9,Highly recommended!,2025-04-30 09:41:02.053000+00:00,4,2025,4,good
27,9,Very happy with my purchase!,2025-04-30 09:41:02.053000+00:00,5,2025,4,excellent
28,10,Very dissatisfied!,2025-04-30 09:41:02.053000+00:00,1,2025,4,bad
29,10,Very happy with my purchase!,2025-04-30 09:41:02.053000+00:00,5,2025,4,excellent
30,10,Highly impressed!,2025-04-30 09:41:02.053000+00:00,4,2025,4,good
31,11,Would not recommend!,2025-04-30 09:41:02.053000+00:00,2,2025,4,bad
32,11,Highly impressed!,2025-04-30 09:41:02.053000+00:00,4,2025,4,good
33,11,Poor quality!,2025-04-30 09:41:02.053000+00:00,1,2025,4,bad
34,12,Very unhappy with my purchase!,2025-04-30 09:41:02.053000+00:00,3,2025,4,neutral
35,12,Fast shipping!,2025-04-30 09:41:02.053000+00:00,5,2025,4,excellent
36,12,Poor quality!,2025-04-30 09:41:02.053000+00:00,1,2025,4,bad
37,13,Excellent quality!,2025-04-30 09:41:02.053000+00:00,4,2025,4,good
38,13,Excellent quality!,2025-04-30 09:41:02.053000+00:00,4,2025,4,good
39,13,Highly recommended!,2025-04-30 09:41:02.053000+00:00,4,2025,4,good
40,14,Waste of money!,2025-04-30 09:41:02.053000+00:00,2,2025,4,bad
41,14,Very dissatisfied!,2025-04-30 09:41:02.053000+00:00,2,2025,4,bad
42,14,Would buy again!,2025-04-30 09:41:02.053000+00:00,5,2025,4,excellent
43,15,Fast shipping!,2025-04-30 09:41:02.053000+00:00,4,2025,4,good
44,15,Very pleased!,2025-04-30 09:41:02.053000+00:00,5,2025,4,excellent
45,15,Poor quality!,2025-04-30 09:41:02.053000+00:00,3,2025,4,neutral
46,16,Very satisfied!,2025-04-30 09:41:02.053000+00:00,5,2025,4,excellent
47,16,Very dissatisfied!,2025-04-30 09:41:02.053000+00:00,1,2025,4,bad
48,16,Very unhappy with my purchase!,2025-04-30 09:41:02.053000+00:00,3,2025,4,neutral
49,17,Would not recommend!,2025-04-30 09:41:02.053000+00:00,3,2025,4,neutral
50,17,Fast shipping!,2025-04-30 09:41:02.053000+00:00,4,2025,4,good
51,17,Great value for money!,2025-04-30 09:41:02.053000+00:00,5,2025,4,excellent
52,18,Would not recommend!,2025-04-30 09:41:02.053000+00:00,3,2025,4,neutral
53,18,Very unhappy with my purchase!,2025-04-30 09:41:02.053000+00:00,3,2025,4,neutral
54,18,Very disappointed!,2025-04-30 09:41:02.053000+00:00,2,2025,4,bad
55,19,Great product!,2025-04-30 09:41:02.053000+00:00,5,2025,4,excellent
56,19,Highly recommended!,2025-04-30 09:41:02.053000+00:00,4,2025,4,good
57,19,Not worth the price!,2025-04-30 09:41:02.053000+00:00,3,2025,4,neutral
58,20,Very happy with my purchase!,2025-04-30 09:41:02.053000+00:00,5,2025,4,excellent
59,20,Would not recommend!,2025-04-30 09:41:02.053000+00:00,2,2025,4,bad
60,20,Would buy again!,2025-04-30 09:41:02.053000+00:00,5,2025,4,excellent
61,21,Great product!,2025-04-30 09:41:02.053000+00:00,4,2025,4,good
62,21,Great value for money!,2025-04-30 09:41:02.053000+00:00,4,2025,4,good
63,21,Poor quality!,2025-04-30 09:41:02.053000+00:00,2,2025,4,bad
64,22,Excellent quality!,2025-04-30 09:41:02.053000+00:00,5,2025,4,excellent
65,22,Awesome product!,2025-04-30 09:41:02.053000+00:00,5,2025,4,excellent
66,22,Great product!,2025-04-30 09:41:02.053000+00:00,4,2025,4,good
67,23,Disappointing product!,2025-04-30 09:41:02.053000+00:00,3,2025,4,neutral
68,23,Poor quality!,2025-04-30 09:41:02.053000+00:00,3,2025,4,neutral
69,23,Very pleased!,2025-04-30 09:41:02.053000+00:00,4,2025,4,good
70,24,Would not buy again!,2025-04-30 09:41:02.053000+00:00,2,2025,4,bad
71,24,Excellent quality!,2025-04-30 09:41:02.053000+00:00,5,2025,4,excellent
72,24,Great value for money!,2025-04-30 09:41:02.053000+00:00,4,2025,4,good
73,25,Highly recommended!,2025-04-30 09:41:02.053000+00:00,4,2025,4,good
74,25,Would not recommend!,2025-04-30 09:41:02.053000+00:00,3,2025,4,neutral
75,25,Excellent quality!,2025-04-30 09:41:02.053000+00:00,5,2025,4,excellent
76,26,Great product!,2025-04-30 09:41:02.053000+00:00,4,2025,4,good
77,26,Waste of money!,2025-04-30 09:41:02.053000+00:00,1,2025,4,bad
78,26,Very disappointed!,2025-04-30 09:41:02.053000+00:00,3,2025,4,neutral
79,27,Very disappointed!,2025-04-30 09:41:02.053000+00:00,1,2025,4,bad
80,27,Highly impressed!,2025-04-30 09:41:02.053000+00:00,4,2025,4,good
81,27,Very disappointed!,2025-04-30 09:41:02.053000+00:00,2,2025,4,bad
82,28,Very pleased!,2025-04-30 09:41:02.053000+00:00,5,2025,4,excellent
83,28,Excellent quality!,2025-04-30 09:41:02.053000+00:00,4,2025,4,good
84,28,Highly impressed!,2025-04-30 09:41:02.053000+00:00,5,2025,4,excellent
85,29,Excellent quality!,2025-04-30 09:41:02.053000+00:00,5,2025,4,excellent
86,29,Would buy again!,2025-04-30 09:41:02.053000+00:00,4,2025,4,good
87,29,Awesome product!,2025-04-30 09:41:02.053000+00:00,5,2025,4,excellent
88,30,Highly recommended!,2025-04-30 09:41:02.053000+00:00,4,2025,4,good
89,30,Would not buy again!,2025-04-30 09:41:02.053000+00:00,2,2025,4,bad
90,30,Fast shipping!,2025-04-30 09:41:02.053000+00:00,4,2025,4,good
91,31,Awesome product!,2025-04-30 09:41:02.053000+00:00,5,2025,4,excellent
92,31,Highly impressed!,2025-04-30 09:41:02.053000+00:00,5,2025,4,excellent
93,31,Very satisfied!,2025-04-30 09:41:02.053000+00:00,5,2025,4,excellent
94,32,Very satisfied!,2025-04-30 09:41:02.053000+00:00,4,2025,4,good
95,32,Would not buy again!,2025-04-30 09:41:02.053000+00:00,3,2025,4,neutral
96,32,Great value for money!,2025-04-30 09:41:02.053000+00:00,5,2025,4,excellent
97,33,Fast shipping!,2025-04-30 09:41:02.053000+00:00,5,2025,4,excellent
98,33,Not worth the price!,2025-04-30 09:41:02.053000+00:00,2,2025,4,bad
99,33,Would not buy again!,2025-04-30 09:41:02.053000+00:00,1,2025,4,bad
100,34,Very pleased!,2025-04-30 09:41:02.053000+00:00,5,2025,4,excellent
101,34,Highly recommended!,2025-04-30 09:41:02.053000+00:00,5,2025,4,excellent
102,34,Would buy again!,2025-04-30 09:41:02.053000+00:00,4,2025,4,good
103,35,Highly impressed!,2025-04-30 09:41:02.053000+00:00,5,2025,4,excellent
104,35,Fast shipping!,2025-04-30 09:41:02.053000+00:00,4,2025,4,good
105,35,Highly recommended!,2025-04-30 09:41:02.053000+00:00,5,2025,4,excellent
106,36,Very unhappy with my purchase!,2025-04-30 09:41:02.053000+00:00,3,2025,4,neutral
107,36,Would buy again!,2025-04-30 09:41:02.053000+00:00,4,2025,4,good
108,36,Very happy with my purchase!,2025-04-30 09:41:02.053000+00:00,4,2025,4,good
109,37,Fast shipping!,2025-04-30 09:41:02.053000+00:00,4,2025,4,good
110,37,Very dissatisfied!,2025-04-30 09:41:02.053000+00:00,3,2025,4,neutral
111,37,Awesome product!,2025-04-30 09:41:02.053000+00:00,5,2025,4,excellent
112,38,Would buy again!,2025-04-30 09:41:02.053000+00:00,5,2025,4,excellent
113,38,Very satisfied!,2025-04-30 09:41:02.053000+00:00,4,2025,4,good
114,38,Very disappointed!,2025-04-30 09:41:02.053000+00:00,1,2025,4,bad
115,39,Would not recommend!,2025-04-30 09:41:02.053000+00:00,2,2025,4,bad
116,39,Would not recommend!,2025-04-30 09:41:02.053000+00:00,2,2025,4,bad
117,39,Highly recommended!,2025-04-30 09:41:02.053000+00:00,5,2025,4,excellent
118,40,Would not buy again!,2025-04-30 09:41:02.053000+00:00,3,2025,4,neutral
119,40,Would not buy again!,2025-04-30 09:41:02.053000+00:00,3,2025,4,neutral
120,40,Would buy again!,2025-04-30 09:41:02.053000+00:00,4,2025,4,good
121,41,Not as described!,2025-04-30 09:41:02.053000+00:00,1,2025,4,bad
122,41,Fast shipping!,2025-04-30 09:41:02.053000+00:00,5,2025,4,excellent
123,41,Great value for money!,2025-04-30 09:41:02.053000+00:00,5,2025,4,excellent
124,42,Highly impressed!,2025-04-30 09:41:02.053000+00:00,5,2025,4,excellent
125,42,Would not recommend!,2025-04-30 09:41:02.053000+00:00,2,2025,4,bad
126,42,Not as described!,2025-04-30 09:41:02.053000+00:00,3,2025,4,neutral
127,43,Would not buy again!,2025-04-30 09:41:02.053000+00:00,1,2025,4,bad
128,43,Poor quality!,2025-04-30 09:41:02.053000+00:00,2,2025,4,bad
129,43,Very unhappy with my purchase!,2025-04-30 09:41:02.053000+00:00,3,2025,4,neutral
130,44,Highly impressed!,2025-04-30 09:41:02.053000+00:00,4,2025,4,good
131,44,Excellent quality!,2025-04-30 09:41:02.053000+00:00,5,2025,4,excellent
132,44,Very dissatisfied!,2025-04-30 09:41:02.053000+00:00,2,2025,4,bad
133,45,Very happy with my purchase!,2025-04-30 09:41:02.053000+00:00,5,2025,4,excellent
134,45,Poor quality!,2025-04-30 09:41:02.053000+00:00,1,2025,4,bad
135,45,Very pleased!,2025-04-30 09:41:02.053000+00:00,5,2025,4,excellent
136,46,Fast shipping!,2025-04-30 09:41:02.053000+00:00,4,2025,4,good
137,46,Very satisfied!,2025-04-30 09:41:02.053000+00:00,5,2025,4,excellent
138,46,Poor quality!,2025-04-30 09:41:02.053000+00:00,3,2025,4,neutral
139,47,Excellent quality!,2025-04-30 09:41:02.053000+00:00,5,2025,4,excellent
140,47,Would not recommend!,2025-04-30 09:41:02.053000+00:00,3,2025,4,neutral
141,47,Awesome product!,2025-04-30 09:41:02.053000+00:00,5,2025,4,excellent
142,48,Awesome product!,2025-04-30 09:41:02.053000+00:00,5,2025,4,excellent
143,48,Highly recommended!,2025-04-30 09:41:02.053000+00:00,5,2025,4,excellent
144,48,Highly recommended!,2025-04-30 09:41:02.053000+00:00,4,2025,4,good
145,49,Very disappointed!,2025-04-30 09:41:02.053000+00:00,3,2025,4,neutral
146,49,Great value for money!,2025-04-30 09:41:02.053000+00:00,5,2025,4,excellent
147,49,Not worth the price!,2025-04-30 09:41:02.053000+00:00,1,2025,4,bad
148,50,Not worth the price!,2025-04-30 09:41:02.053000+00:00,3,2025,4,neutral
149,50,Waste of money!,2025-04-30 09:41:02.053000+00:00,1,2025,4,bad
150,50,Very pleased!,2025-04-30 09:41:02.053000+00:00,5,2025,4,excellent
151,51,Very pleased!,2025-04-30 09:41:02.053000+00:00,5,2025,4,excellent
152,51,Would buy again!,2025-04-30 09:41:02.053000+00:00,5,2025,4,excellent
153,51,Very happy with my purchase!,2025-04-30 09:41:02.053000+00:00,5,2025,4,excellent
154,52,Excellent quality!,2025-04-30 09:41:02.053000+00:00,4,2025,4,good
155,52,Highly impressed!,2025-04-30 09:41:02.053000+00:00,4,2025,4,good
156,52,Very satisfied!,2025-04-30 09:41:02.053000+00:00,5,2025,4,excellent
157,53,Great value for money!,2025-04-30 09:41:02.053000+00:00,5,2025,4,excellent
158,53,Great value for money!,2025-04-30 09:41:02.053000+00:00,4,2025,4,good
159,53,Fast shipping!,2025-04-30 09:41:02.053000+00:00,4,2025,4,good
160,54,Highly recommended!,2025-04-30 09:41:02.053000+00:00,4,2025,4,good
161,54,Great product!,2025-04-30 09:41:02.053000+00:00,4,2025,4,good
162,54,Highly impressed!,2025-04-30 09:41:02.053000+00:00,5,2025,4,excellent
163,55,Very dissatisfied!,2025-04-30 09:41:02.053000+00:00,3,2025,4,neutral
164,55,Very happy with my purchase!,2025-04-30 09:41:02.053000+00:00,4,2025,4,good
165,55,Not worth the price!,2025-04-30 09:41:02.053000+00:00,1,2025,4,bad
166,56,Would not recommend!,2025-04-30 09:41:02.053000+00:00,1,2025,4,bad
167,56,Very dissatisfied!,2025-04-30 09:41:02.053000+00:00,2,2025,4,bad
168,56,Very pleased!,2025-04-30 09:41:02.053000+00:00,4,2025,4,good
169,57,Very pleased!,2025-04-30 09:41:02.053000+00:00,5,2025,4,excellent
170,57,Highly impressed!,2025-04-30 09:41:02.053000+00:00,4,2025,4,good
171,57,Would not recommend!,2025-04-30 09:41:02.053000+00:00,2,2025,4,bad
172,58,Highly impressed!,2025-04-30 09:41:02.053000+00:00,5,2025,4,excellent
173,58,Very satisfied!,2025-04-30 09:41:02.053000+00:00,5,2025,4,excellent
174,58,Would not buy again!,2025-04-30 09:41:02.053000+00:00,2,2025,4,bad
175,59,Very happy with my purchase!,2025-04-30 09:41:02.053000+00:00,5,2025,4,excellent
176,59,Waste of money!,2025-04-30 09:41:02.053000+00:00,3,2025,4,neutral
177,59,Very satisfied!,2025-04-30 09:41:02.053000+00:00,5,2025,4,excellent
178,60,Would not buy again!,2025-04-30 09:41:02.053000+00:00,1,2025,4,bad
179,60,Not as described!,2025-04-30 09:41:02.053000+00:00,1,2025,4,bad
180,60,Highly impressed!,2025-04-30 09:41:02.053000+00:00,5,2025,4,excellent
181,61,Excellent quality!,2025-04-30 09:41:02.053000+00:00,5,2025,4,excellent
182,61,Highly impressed!,2025-04-30 09:41:02.053000+00:00,4,2025,4,good
183,61,Would not buy again!,2025-04-30 09:41:02.053000+00:00,1,2025,4,bad
184,62,Awesome product!,2025-04-30 09:41:02.053000+00:00,5,2025,4,excellent
185,62,Would buy again!,2025-04-30 09:41:02.053000+00:00,5,2025,4,excellent
186,62,Very pleased!,2025-04-30 09:41:02.053000+00:00,5,2025,4,excellent
187,63,Highly recommended!,2025-04-30 09:41:02.053000+00:00,5,2025,4,excellent
188,63,Very happy with my purchase!,2025-04-30 09:41:02.053000+00:00,5,2025,4,excellent
189,63,Awesome product!,2025-04-30 09:41:02.053000+00:00,4,2025,4,good
190,64,Very disappointed!,2025-04-30 09:41:02.053000+00:00,2,2025,4,bad
191,64,Fast shipping!,2025-04-30 09:41:02.053000+00:00,5,2025,4,excellent
192,64,Very pleased!,2025-04-30 09:41:02.053000+00:00,5,2025,4,excellent
193,65,Very pleased!,2025-04-30 09:41:02.053000+00:00,5,2025,4,excellent
194,65,Very happy with my purchase!,2025-04-30 09:41:02.053000+00:00,5,2025,4,excellent
195,65,Poor quality!,2025-04-30 09:41:02.053000+00:00,2,2025,4,bad
196,66,Very dissatisfied!,2025-04-30 09:41:02.053000+00:00,3,2025,4,neutral
197,66,Fast shipping!,2025-04-30 09:41:02.053000+00:00,4,2025,4,good
198,66,Very disappointed!,2025-04-30 09:41:02.053000+00:00,2,2025,4,bad
199,67,Very unhappy with my purchase!,2025-04-30 09:41:02.053000+00:00,1,2025,4,bad
200,67,Highly recommended!,2025-04-30 09:41:02.053000+00:00,5,2025,4,excellent
201,67,Fast shipping!,2025-04-30 09:41:02.053000+00:00,4,2025,4,good
202,68,Highly impressed!,2025-04-30 09:41:02.053000+00:00,5,2025,4,excellent
203,68,Highly recommended!,2025-04-30 09:41:02.053000+00:00,4,2025,4,good
204,68,Not as described!,2025-04-30 09:41:02.053000+00:00,1,2025,4,bad
205,69,Disappointing product!,2025-04-30 09:41:02.053000+00:00,3,2025,4,neutral
206,69,Great product!,2025-04-30 09:41:02.053000+00:00,4,2025,4,good
207,69,Excellent quality!,2025-04-30 09:41:02.053000+00:00,4,2025,4,good
208,70,Very satisfied!,2025-04-30 09:41:02.053000+00:00,4,2025,4,good
209,70,Highly recommended!,2025-04-30 09:41:02.053000+00:00,5,2025,4,excellent
210,70,Excellent quality!,2025-04-30 09:41:02.053000+00:00,4,2025,4,good
211,71,Great product!,2025-04-30 09:41:02.053000+00:00,4,2025,4,good
212,71,Excellent quality!,2025-04-30 09:41:02.053000+00:00,4,2025,4,good
213,71,Disappointing product!,2025-04-30 09:41:02.053000+00:00,1,2025,4,bad
214,72,Would not recommend!,2025-04-30 09:41:02.053000+00:00,1,2025,4,bad
215,72,Would not recommend!,2025-04-30 09:41:02.053000+00:00,2,2025,4,bad
216,72,Very satisfied!,2025-04-30 09:41:02.053000+00:00,5,2025,4,excellent
217,73,Very satisfied!,2025-04-30 09:41:02.053000+00:00,5,2025,4,excellent
218,73,Excellent quality!,2025-04-30 09:41:02.053000+00:00,4,2025,4,good
219,73,Waste of money!,2025-04-30 09:41:02.053000+00:00,2,2025,4,bad
220,74,Waste of money!,2025-04-30 09:41:02.053000+00:00,3,2025,4,neutral
221,74,Disappointing product!,2025-04-30 09:41:02.053000+00:00,1,2025,4,bad
222,74,Awesome product!,2025-04-30 09:41:02.053000+00:00,4,2025,4,good
223,75,Fast shipping!,2025-04-30 09:41:02.053000+00:00,5,2025,4,excellent
224,75,Very disappointed!,2025-04-30 09:41:02.053000+00:00,3,2025,4,neutral
225,75,Excellent quality!,2025-04-30 09:41:02.053000+00:00,4,2025,4,good
226,76,Would not recommend!,2025-04-30 09:41:02.053000+00:00,2,2025,4,bad
227,76,Very disappointed!,2025-04-30 09:41:02.053000+00:00,3,2025,4,neutral
228,76,Great product!,2025-04-30 09:41:02.053000+00:00,5,2025,4,excellent
229,77,Very unhappy with my purchase!,2025-04-30 09:41:02.053000+00:00,1,2025,4,bad
230,77,Very happy with my purchase!,2025-04-30 09:41:02.053000+00:00,5,2025,4,excellent
231,77,Great product!,2025-04-30 09:41:02.053000+00:00,4,2025,4,good
232,78,Very happy with my purchase!,2025-04-30 09:41:02.053000+00:00,5,2025,4,excellent
233,78,Very happy with my purchase!,2025-04-30 09:41:02.053000+00:00,5,2025,4,excellent
234,78,Very satisfied!,2025-04-30 09:41:02.053000+00:00,4,2025,4,good
235,79,Very happy with my purchase!,2025-04-30 09:41:02.053000+00:00,4,2025,4,good
236,79,Highly recommended!,2025-04-30 09:41:02.053000+00:00,5,2025,4,excellent
237,79,Very satisfied!,2025-04-30 09:41:02.053000+00:00,4,2025,4,good
238,80,Very satisfied!,2025-04-30 09:41:02.053000+00:00,4,2025,4,good
239,80,Very happy with my purchase!,2025-04-30 09:41:02.053000+00:00,4,2025,4,good
240,80,Not worth the price!,2025-04-30 09:41:02.053000+00:00,1,2025,4,bad
241,81,Would buy again!,2025-04-30 09:41:02.053000+00:00,4,2025,4,good
242,81,Great value for money!,2025-04-30 09:41:02.053000+00:00,5,2025,4,excellent
243,81,Great value for money!,2025-04-30 09:41:02.053000+00:00,4,2025,4,good
244,82,Poor quality!,2025-04-30 09:41:02.053000+00:00,3,2025,4,neutral
245,82,Very satisfied!,2025-04-30 09:41:02.053000+00:00,4,2025,4,good
246,82,Disappointing product!,2025-04-30 09:41:02.053000+00:00,2,2025,4,bad
247,83,Waste of money!,2025-04-30 09:41:02.053000+00:00,1,2025,4,bad
248,83,Very satisfied!,2025-04-30 09:41:02.053000+00:00,5,2025,4,excellent
249,83,Fast shipping!,2025-04-30 09:41:02.053000+00:00,4,2025,4,good
250,84,Excellent quality!,2025-04-30 09:41:02.053000+00:00,5,2025,4,excellent
251,84,Awesome product!,2025-04-30 09:41:02.053000+00:00,5,2025,4,excellent
252,84,Disappointing product!,2025-04-30 09:41:02.053000+00:00,1,2025,4,bad
253,85,Disappointing product!,2025-04-30 09:41:02.053000+00:00,3,2025,4,neutral
254,85,Awesome product!,2025-04-30 09:41:02.053000+00:00,4,2025,4,good
255,85,Very disappointed!,2025-04-30 09:41:02.053000+00:00,2,2025,4,bad
256,86,Highly recommended!,2025-04-30 09:41:02.053000+00:00,5,2025,4,excellent
257,86,Poor quality!,2025-04-30 09:41:02.053000+00:00,2,2025,4,bad
258,86,Would not recommend!,2025-04-30 09:41:02.053000+00:00,1,2025,4,bad
259,87,Would not recommend!,2025-04-30 09:41:02.053000+00:00,3,2025,4,neutral
260,87,Fast shipping!,2025-04-30 09:41:02.053000+00:00,5,2025,4,excellent
261,87,Very unhappy with my purchase!,2025-04-30 09:41:02.053000+00:00,2,2025,4,bad
262,88,Highly impressed!,2025-04-30 09:41:02.053000+00:00,5,2025,4,excellent
263,88,Very happy with my purchase!,2025-04-30 09:41:02.053000+00:00,4,2025,4,good
264,88,Waste of money!,2025-04-30 09:41:02.053000+00:00,1,2025,4,bad
265,89,Would buy again!,2025-04-30 09:41:02.053000+00:00,5,2025,4,excellent
266,89,Very disappointed!,2025-04-30 09:41:02.053000+00:00,2,2025,4,bad
267,89,Would not recommend!,2025-04-30 09:41:02.053000+00:00,3,2025,4,neutral
268,90,Highly impressed!,2025-04-30 09:41:02.053000+00:00,5,2025,4,excellent
269,90,Very disappointed!,2025-04-30 09:41:02.053000+00:00,1,2025,4,bad
270,90,Very pleased!,2025-04-30 09:41:02.053000+00:00,5,2025,4,excellent
271,91,Would buy again!,2025-04-30 09:41:02.053000+00:00,4,2025,4,good
272,91,Fast shipping!,2025-04-30 09:41:02.053000+00:00,5,2025,4,excellent
273,91,Awesome product!,2025-04-30 09:41:02.053000+00:00,5,2025,4,excellent
274,92,Excellent quality!,2025-04-30 09:41:02.053000+00:00,4,2025,4,good
275,92,Great value for money!,2025-04-30 09:41:02.053000+00:00,5,2025,4,excellent
276,92,Not worth the price!,2025-04-30 09:41:02.053000+00:00,1,2025,4,bad
277,93,Very unhappy with my purchase!,2025-04-30 09:41:02.053000+00:00,1,2025,4,bad
278,93,Fast shipping!,2025-04-30 09:41:02.053000+00:00,4,2025,4,good
279,93,Would buy again!,2025-04-30 09:41:02.053000+00:00,4,2025,4,good
280,94,Highly impressed!,2025-04-30 09:41:02.053000+00:00,4,2025,4,good
281,94,Very disappointed!,2025-04-30 09:41:02.053000+00:00,3,2025,4,neutral
282,94,Great product!,2025-04-30 09:41:02.053000+00:00,5,2025,4,excellent
283,95,Not worth the price!,2025-04-30 09:41:02.053000+00:00,3,2025,4,neutral
284,95,Very satisfied!,2025-04-30 09:41:02.053000+00:00,4,2025,4,good
285,95,Would not buy again!,2025-04-30 09:41:02.053000+00:00,1,2025,4,bad
286,96,Poor quality!,2025-04-30 09:41:02.053000+00:00,3,2025,4,neutral
287,96,Very satisfied!,2025-04-30 09:41:02.053000+00:00,5,2025,4,excellent
288,96,Very pleased!,2025-04-30 09:41:02.053000+00:00,4,2025,4,good
289,97,Fast shipping!,2025-04-30 09:41:02.053000+00:00,4,2025,4,good
290,97,Very pleased!,2025-04-30 09:41:02.053000+00:00,4,2025,4,good
291,97,Waste of money!,2025-04-30 09:41:02.053000+00:00,3,2025,4,neutral
292,98,Great value for money!,2025-04-30 09:41:02.053000+00:00,4,2025,4,good
293,98,Highly recommended!,2025-04-30 09:41:02.053000+00:00,5,2025,4,excellent
294,98,Fast shipping!,2025-04-30 09:41:02.053000+00:00,5,2025,4,excellent
295,99,Would not recommend!,2025-04-30 09:41:02.053000+00:00,2,2025,4,bad
296,99,Very disappointed!,2025-04-30 09:41:02.053000+00:00,3,2025,4,neutral
297,99,Fast shipping!,2025-04-30 09:41:02.053000+00:00,4,2025,4,good
298,100,Would not buy again!,2025-04-30 09:41:02.053000+00:00,3,2025,4,neutral
299,100,Great product!,2025-04-30 09:41:02.053000+00:00,5,2025,4,excellent
300,100,Excellent quality!,2025-04-30 09:41:02.053000+00:00,4,2025,4,good
301,101,Excellent quality!,2025-04-30 09:41:02.053000+00:00,5,2025,4,excellent
302,101,Very happy with my purchase!,2025-04-30 09:41:02.053000+00:00,4,2025,4,good
303,101,Would buy again!,2025-04-30 09:41:02.053000+00:00,4,2025,4,good
304,102,Would buy again!,2025-04-30 09:41:02.053000+00:00,5,2025,4,excellent
305,102,Awesome product!,2025-04-30 09:41:02.053000+00:00,4,2025,4,good
306,102,Not worth the price!,2025-04-30 09:41:02.053000+00:00,3,2025,4,neutral
307,103,Great product!,2025-04-30 09:41:02.053000+00:00,5,2025,4,excellent
308,103,Would not buy again!,2025-04-30 09:41:02.053000+00:00,3,2025,4,neutral
309,103,Very pleased!,2025-04-30 09:41:02.053000+00:00,4,2025,4,good
310,104,Very disappointed!,2025-04-30 09:41:02.053000+00:00,1,2025,4,bad
311,104,Great product!,2025-04-30 09:41:02.053000+00:00,5,2025,4,excellent
312,104,Waste of money!,2025-04-30 09:41:02.053000+00:00,2,2025,4,bad
313,105,Would not recommend!,2025-04-30 09:41:02.053000+00:00,2,2025,4,bad
314,105,Not as described!,2025-04-30 09:41:02.053000+00:00,2,2025,4,bad
315,105,Fast shipping!,2025-04-30 09:41:02.053000+00:00,5,2025,4,excellent
316,106,Very unhappy with my purchase!,2025-04-30 09:41:02.053000+00:00,3,2025,4,neutral
317,106,Fast shipping!,2025-04-30 09:41:02.053000+00:00,4,2025,4,good
318,106,Would buy again!,2025-04-30 09:41:02.053000+00:00,4,2025,4,good
319,107,Disappointing product!,2025-04-30 09:41:02.053000+00:00,2,2025,4,bad
320,107,Very pleased!,2025-04-30 09:41:02.053000+00:00,5,2025,4,excellent
321,107,Not worth the price!,2025-04-30 09:41:02.053000+00:00,2,2025,4,bad
322,108,Would not buy again!,2025-04-30 09:41:02.053000+00:00,2,2025,4,bad
323,108,Great value for money!,2025-04-30 09:41:02.053000+00:00,5,2025,4,excellent
324,108,Highly recommended!,2025-04-30 09:41:02.053000+00:00,5,2025,4,excellent
325,109,Not worth the price!,2025-04-30 09:41:02.053000+00:00,1,2025,4,bad
326,109,Highly recommended!,2025-04-30 09:41:02.053000+00:00,4,2025,4,good
327,109,Fast shipping!,2025-04-30 09:41:02.053000+00:00,5,2025,4,excellent
328,110,Highly recommended!,2025-04-30 09:41:02.053000+00:00,4,2025,4,good
329,110,Poor quality!,2025-04-30 09:41:02.053000+00:00,3,2025,4,neutral
330,110,Highly recommended!,2025-04-30 09:41:02.053000+00:00,4,2025,4,good
331,111,Great product!,2025-04-30 09:41:02.053000+00:00,4,2025,4,good
332,111,Great product!,2025-04-30 09:41:02.053000+00:00,4,2025,4,good
333,111,Very dissatisfied!,2025-04-30 09:41:02.053000+00:00,1,2025,4,bad
334,112,Would not recommend!,2025-04-30 09:41:02.053000+00:00,3,2025,4,neutral
335,112,Would buy again!,2025-04-30 09:41:02.053000+00:00,5,2025,4,excellent
336,112,Fast shipping!,2025-04-30 09:41:02.053000+00:00,5,2025,4,excellent
337,113,Highly impressed!,2025-04-30 09:41:02.053000+00:00,5,2025,4,excellent
338,113,Very satisfied!,2025-04-30 09:41:02.053000+00:00,5,2025,4,excellent
339,113,Disappointing product!,2025-04-30 09:41:02.053000+00:00,1,2025,4,bad
340,114,Highly impressed!,2025-04-30 09:41:02.053000+00:00,4,2025,4,good
341,114,Awesome product!,2025-04-30 09:41:02.053000+00:00,5,2025,4,excellent
342,114,Fast shipping!,2025-04-30 09:41:02.053000+00:00,4,2025,4,good
343,115,Awesome product!,2025-04-30 09:41:02.053000+00:00,4,2025,4,good
344,115,Fast shipping!,2025-04-30 09:41:02.053000+00:00,5,2025,4,excellent
345,115,Highly recommended!,2025-04-30 09:41:02.053000+00:00,4,2025,4,good
346,116,Highly recommended!,2025-04-30 09:41:02.054000+00:00,4,2025,4,good
347,116,Not as described!,2025-04-30 09:41:02.054000+00:00,2,2025,4,bad
348,116,Very dissatisfied!,2025-04-30 09:41:02.054000+00:00,3,2025,4,neutral
349,117,Highly impressed!,2025-04-30 09:41:02.054000+00:00,5,2025,4,excellent
350,117,Would not recommend!,2025-04-30 09:41:02.054000+00:00,1,2025,4,bad
351,117,Very disappointed!,2025-04-30 09:41:02.054000+00:00,1,2025,4,bad
352,118,Very satisfied!,2025-04-30 09:41:02.053000+00:00,5,2025,4,excellent
353,118,Great product!,2025-04-30 09:41:02.053000+00:00,4,2025,4,good
354,118,Very happy with my purchase!,2025-04-30 09:41:02.053000+00:00,5,2025,4,excellent
355,119,Very satisfied!,2025-04-30 09:41:02.053000+00:00,4,2025,4,good
356,119,Great value for money!,2025-04-30 09:41:02.053000+00:00,4,2025,4,good
357,119,Very pleased!,2025-04-30 09:41:02.053000+00:00,4,2025,4,good
358,120,Excellent quality!,2025-04-30 09:41:02.054000+00:00,4,2025,4,good
359,120,Very pleased!,2025-04-30 09:41:02.054000+00:00,5,2025,4,excellent
360,120,Great product!,2025-04-30 09:41:02.054000+00:00,4,2025,4,good
361,121,Highly recommended!,2025-04-30 09:41:02.054000+00:00,5,2025,4,excellent
362,121,Not as described!,2025-04-30 09:41:02.054000+00:00,1,2025,4,bad
363,121,Very satisfied!,2025-04-30 09:41:02.054000+00:00,5,2025,4,excellent
364,122,Disappointing product!,2025-04-30 09:41:02.054000+00:00,3,2025,4,neutral
365,122,Excellent quality!,2025-04-30 09:41:02.054000+00:00,4,2025,4,good
366,122,Great value for money!,2025-04-30 09:41:02.054000+00:00,5,2025,4,excellent
367,123,Would buy again!,2025-04-30 09:41:02.054000+00:00,5,2025,4,excellent
368,123,Not worth the price!,2025-04-30 09:41:02.054000+00:00,3,2025,4,neutral
369,123,Very satisfied!,2025-04-30 09:41:02.054000+00:00,5,2025,4,excellent
370,124,Highly recommended!,2025-04-30 09:41:02.054000+00:00,4,2025,4,good
371,124,Great product!,2025-04-30 09:41:02.054000+00:00,5,2025,4,excellent
372,124,Not as described!,2025-04-30 09:41:02.054000+00:00,2,2025,4,bad
373,125,Excellent quality!,2025-04-30 09:41:02.054000+00:00,4,2025,4,good
374,125,Excellent quality!,2025-04-30 09:41:02.054000+00:00,5,2025,4,excellent
375,125,Poor quality!,2025-04-30 09:41:02.054000+00:00,2,2025,4,bad
376,126,Very happy with my purchase!,2025-04-30 09:41:02.054000+00:00,5,2025,4,excellent
377,126,Highly recommended!,2025-04-30 09:41:02.054000+00:00,5,2025,4,excellent
378,126,Would buy again!,2025-04-30 09:41:02.054000+00:00,4,2025,4,good
379,127,Very pleased!,2025-04-30 09:41:02.054000+00:00,4,2025,4,good
380,127,Highly recommended!,2025-04-30 09:41:02.054000+00:00,4,2025,4,good
381,127,Very dissatisfied!,2025-04-30 09:41:02.054000+00:00,2,2025,4,bad
382,128,Great product!,2025-04-30 09:41:02.054000+00:00,4,2025,4,good
383,128,Very unhappy with my purchase!,2025-04-30 09:41:02.054000+00:00,2,2025,4,bad
384,128,Highly impressed!,2025-04-30 09:41:02.054000+00:00,4,2025,4,good
385,129,Would buy again!,2025-04-30 09:41:02.054000+00:00,5,2025,4,excellent
386,129,Fast shipping!,2025-04-30 09:41:02.054000+00:00,5,2025,4,excellent
387,129,Very satisfied!,2025-04-30 09:41:02.054000+00:00,5,2025,4,excellent
388,130,Very satisfied!,2025-04-30 09:41:02.054000+00:00,4,2025,4,good
389,130,Not as described!,2025-04-30 09:41:02.054000+00:00,3,2025,4,neutral
390,130,Would buy again!,2025-04-30 09:41:02.054000+00:00,5,2025,4,excellent
391,131,Not as described!,2025-04-30 09:41:02.054000+00:00,1,2025,4,bad
392,131,Fast shipping!,2025-04-30 09:41:02.054000+00:00,4,2025,4,good
393,131,Excellent quality!,2025-04-30 09:41:02.054000+00:00,4,2025,4,good
394,132,Highly impressed!,2025-04-30 09:41:02.054000+00:00,4,2025,4,good
395,132,Highly impressed!,2025-04-30 09:41:02.054000+00:00,4,2025,4,good
396,132,Highly recommended!,2025-04-30 09:41:02.054000+00:00,4,2025,4,good
397,133,Excellent quality!,2025-04-30 09:41:02.054000+00:00,4,2025,4,good
398,133,Would buy again!,2025-04-30 09:41:02.054000+00:00,5,2025,4,excellent
399,133,Would not recommend!,2025-04-30 09:41:02.054000+00:00,2,2025,4,bad
400,134,Very satisfied!,2025-04-30 09:41:02.054000+00:00,4,2025,4,good
401,134,Very disappointed!,2025-04-30 09:41:02.054000+00:00,3,2025,4,neutral
402,134,Would buy again!,2025-04-30 09:41:02.054000+00:00,4,2025,4,good
403,135,Very unhappy with my purchase!,2025-04-30 09:41:02.054000+00:00,2,2025,4,bad
404,135,Awesome product!,2025-04-30 09:41:02.054000+00:00,5,2025,4,excellent
405,135,Great value for money!,2025-04-30 09:41:02.054000+00:00,4,2025,4,good
406,136,Very pleased!,2025-04-30 09:41:02.054000+00:00,4,2025,4,good
407,136,Fast shipping!,2025-04-30 09:41:02.054000+00:00,4,2025,4,good
408,136,Not as described!,2025-04-30 09:41:02.054000+00:00,2,2025,4,bad
409,137,Awesome product!,2025-04-30 09:41:02.054000+00:00,4,2025,4,good
410,137,Would buy again!,2025-04-30 09:41:02.054000+00:00,4,2025,4,good
411,137,Very pleased!,2025-04-30 09:41:02.054000+00:00,4,2025,4,good
412,138,Excellent quality!,2025-04-30 09:41:02.054000+00:00,5,2025,4,excellent
413,138,Great value for money!,2025-04-30 09:41:02.054000+00:00,4,2025,4,good
414,138,Poor quality!,2025-04-30 09:41:02.054000+00:00,1,2025,4,bad
415,139,Very unhappy with my purchase!,2025-04-30 09:41:02.054000+00:00,1,2025,4,bad
416,139,Great value for money!,2025-04-30 09:41:02.054000+00:00,4,2025,4,good
417,139,Would not recommend!,2025-04-30 09:41:02.054000+00:00,3,2025,4,neutral
418,140,Highly recommended!,2025-04-30 09:41:02.054000+00:00,5,2025,4,excellent
419,140,Would not buy again!,2025-04-30 09:41:02.054000+00:00,2,2025,4,bad
420,140,Very satisfied!,2025-04-30 09:41:02.054000+00:00,4,2025,4,good
421,141,Fast shipping!,2025-04-30 09:41:02.054000+00:00,4,2025,4,good
422,141,Highly recommended!,2025-04-30 09:41:02.054000+00:00,5,2025,4,excellent
423,141,Would not buy again!,2025-04-30 09:41:02.054000+00:00,1,2025,4,bad
424,142,Poor quality!,2025-04-30 09:41:02.054000+00:00,1,2025,4,bad
425,142,Poor quality!,2025-04-30 09:41:02.054000+00:00,1,2025,4,bad
426,142,Waste of money!,2025-04-30 09:41:02.054000+00:00,2,2025,4,bad
427,143,Very satisfied!,2025-04-30 09:41:02.054000+00:00,5,2025,4,excellent
428,143,Would buy again!,2025-04-30 09:41:02.054000+00:00,5,2025,4,excellent
429,143,Poor quality!,2025-04-30 09:41:02.054000+00:00,3,2025,4,neutral
430,144,Great value for money!,2025-04-30 09:41:02.054000+00:00,5,2025,4,excellent
431,144,Excellent quality!,2025-04-30 09:41:02.054000+00:00,4,2025,4,good
432,144,Very pleased!,2025-04-30 09:41:02.054000+00:00,4,2025,4,good
433,145,Very dissatisfied!,2025-04-30 09:41:02.054000+00:00,3,2025,4,neutral
434,145,Fast shipping!,2025-04-30 09:41:02.054000+00:00,5,2025,4,excellent
435,145,Awesome product!,2025-04-30 09:41:02.054000+00:00,5,2025,4,excellent
436,146,Awesome product!,2025-04-30 09:41:02.054000+00:00,4,2025,4,good
437,146,Very happy with my purchase!,2025-04-30 09:41:02.054000+00:00,5,2025,4,excellent
438,146,Very pleased!,2025-04-30 09:41:02.054000+00:00,4,2025,4,good
439,147,Very happy with my purchase!,2025-04-30 09:41:02.054000+00:00,4,2025,4,good
440,147,Would not recommend!,2025-04-30 09:41:02.054000+00:00,2,2025,4,bad
441,147,Very happy with my purchase!,2025-04-30 09:41:02.054000+00:00,4,2025,4,good
442,148,Not worth the price!,2025-04-30 09:41:02.054000+00:00,2,2025,4,bad
443,148,Waste of money!,2025-04-30 09:41:02.054000+00:00,2,2025,4,bad
444,148,Very satisfied!,2025-04-30 09:41:02.054000+00:00,5,2025,4,excellent
445,149,Awesome product!,2025-04-30 09:41:02.054000+00:00,5,2025,4,excellent
446,149,Would not buy again!,2025-04-30 09:41:02.054000+00:00,1,2025,4,bad
447,149,Awesome product!,2025-04-30 09:41:02.054000+00:00,5,2025,4,excellent
448,150,Very happy with my purchase!,2025-04-30 09:41:02.054000+00:00,5,2025,4,excellent
449,150,Great value for money!,2025-04-30 09:41:02.054000+00:00,4,2025,4,good
450,150,Would buy again!,2025-04-30 09:41:02.054000+00:00,5,2025,4,excellent
451,151,Would buy again!,2025-04-30 09:41:02.054000+00:00,4,2025,4,good
452,151,Great value for money!,2025-04-30 09:41:02.054000+00:00,5,2025,4,excellent
453,151,Very happy with my purchase!,2025-04-30 09:41:02.054000+00:00,4,2025,4,good
454,152,Poor quality!,2025-04-30 09:41:02.054000+00:00,3,2025,4,neutral
455,152,Highly impressed!,2025-04-30 09:41:02.054000+00:00,5,2025,4,excellent
456,152,Highly recommended!,2025-04-30 09:41:02.054000+00:00,5,2025,4,excellent
457,153,Great product!,2025-04-30 09:41:02.054000+00:00,4,2025,4,good
458,153,Would not recommend!,2025-04-30 09:41:02.054000+00:00,1,2025,4,bad
459,153,Highly recommended!,2025-04-30 09:41:02.054000+00:00,4,2025,4,good
460,154,Would not recommend!,2025-04-30 09:41:02.054000+00:00,3,2025,4,neutral
461,154,Disappointing product!,2025-04-30 09:41:02.054000+00:00,2,2025,4,bad
462,154,Very happy with my purchase!,2025-04-30 09:41:02.054000+00:00,4,2025,4,good
463,155,Very satisfied!,2025-04-30 09:41:02.054000+00:00,5,2025,4,excellent
464,155,Very dissatisfied!,2025-04-30 09:41:02.054000+00:00,3,2025,4,neutral
465,155,Very happy with my purchase!,2025-04-30 09:41:02.054000+00:00,4,2025,4,good
466,156,Waste of money!,2025-04-30 09:41:02.054000+00:00,3,2025,4,neutral
467,156,Disappointing product!,2025-04-30 09:41:02.054000+00:00,3,2025,4,neutral
468,156,Highly impressed!,2025-04-30 09:41:02.054000+00:00,5,2025,4,excellent
469,157,Very pleased!,2025-04-30 09:41:02.054000+00:00,5,2025,4,excellent
470,157,Excellent quality!,2025-04-30 09:41:02.054000+00:00,5,2025,4,excellent
471,157,Great product!,2025-04-30 09:41:02.054000+00:00,4,2025,4,good
472,158,Would buy again!,2025-04-30 09:41:02.054000+00:00,5,2025,4,excellent
473,158,Not worth the price!,2025-04-30 09:41:02.054000+00:00,2,2025,4,bad
474,158,Fast shipping!,2025-04-30 09:41:02.054000+00:00,4,2025,4,good
475,159,Highly impressed!,2025-04-30 09:41:02.054000+00:00,4,2025,4,good
476,159,Very happy with my purchase!,2025-04-30 09:41:02.054000+00:00,5,2025,4,excellent
477,159,Would buy again!,2025-04-30 09:41:02.054000+00:00,4,2025,4,good
478,160,Highly impressed!,2025-04-30 09:41:02.054000+00:00,5,2025,4,excellent
479,160,Disappointing product!,2025-04-30 09:41:02.054000+00:00,2,2025,4,bad
480,160,Very disappointed!,2025-04-30 09:41:02.054000+00:00,2,2025,4,bad
481,161,Waste of money!,2025-04-30 09:41:02.054000+00:00,1,2025,4,bad
482,161,Poor quality!,2025-04-30 09:41:02.054000+00:00,2,2025,4,bad
483,161,Very satisfied!,2025-04-30 09:41:02.054000+00:00,4,2025,4,good
484,162,Great product!,2025-04-30 09:41:02.054000+00:00,4,2025,4,good
485,162,Fast shipping!,2025-04-30 09:41:02.054000+00:00,4,2025,4,good
486,162,Would buy again!,2025-04-30 09:41:02.054000+00:00,4,2025,4,good
487,163,Excellent quality!,2025-04-30 09:41:02.054000+00:00,5,2025,4,excellent
488,163,Great product!,2025-04-30 09:41:02.054000+00:00,4,2025,4,good
489,163,Very satisfied!,2025-04-30 09:41:02.054000+00:00,4,2025,4,good
490,164,Highly impressed!,2025-04-30 09:41:02.054000+00:00,5,2025,4,excellent
491,164,Awesome product!,2025-04-30 09:41:02.054000+00:00,4,2025,4,good
492,164,Highly recommended!,2025-04-30 09:41:02.054000+00:00,5,2025,4,excellent
493,165,Disappointing product!,2025-04-30 09:41:02.054000+00:00,3,2025,4,neutral
494,165,Awesome product!,2025-04-30 09:41:02.054000+00:00,5,2025,4,excellent
495,165,Fast shipping!,2025-04-30 09:41:02.054000+00:00,4,2025,4,good
496,166,Highly recommended!,2025-04-30 09:41:02.054000+00:00,5,2025,4,excellent
497,166,Not as described!,2025-04-30 09:41:02.054000+00:00,3,2025,4,neutral
498,166,Excellent quality!,2025-04-30 09:41:02.054000+00:00,4,2025,4,good
499,167,Very pleased!,2025-04-30 09:41:02.054000+00:00,4,2025,4,good
500,167,Great product!,2025-04-30 09:41:02.054000+00:00,5,2025,4,excellent
501,167,Not as described!,2025-04-30 09:41:02.054000+00:00,2,2025,4,bad
502,168,Not worth the price!,2025-04-30 09:41:02.054000+00:00,2,2025,4,bad
503,168,Would buy again!,2025-04-30 09:41:02.054000+00:00,5,2025,4,excellent
504,168,Fast shipping!,2025-04-30 09:41:02.054000+00:00,4,2025,4,good
505,169,Awesome product!,2025-04-30 09:41:02.054000+00:00,5,2025,4,excellent
506,169,Not as described!,2025-04-30 09:41:02.054000+00:00,2,2025,4,bad
507,169,Very satisfied!,2025-04-30 09:41:02.054000+00:00,5,2025,4,excellent
508,170,Very pleased!,2025-04-30 09:41:02.054000+00:00,5,2025,4,excellent
509,170,Great value for money!,2025-04-30 09:41:02.054000+00:00,4,2025,4,good
510,170,Very disappointed!,2025-04-30 09:41:02.054000+00:00,1,2025,4,bad
511,171,Fast shipping!,2025-04-30 09:41:02.054000+00:00,5,2025,4,excellent
512,171,Awesome product!,2025-04-30 09:41:02.054000+00:00,5,2025,4,excellent
513,171,Fast shipping!,2025-04-30 09:41:02.054000+00:00,5,2025,4,excellent
514,172,Waste of money!,2025-04-30 09:41:02.054000+00:00,3,2025,4,neutral
515,172,Not worth the price!,2025-04-30 09:41:02.054000+00:00,3,2025,4,neutral
516,172,Highly impressed!,2025-04-30 09:41:02.054000+00:00,4,2025,4,good
517,173,Excellent quality!,2025-04-30 09:41:02.054000+00:00,5,2025,4,excellent
518,173,Awesome product!,2025-04-30 09:41:02.054000+00:00,4,2025,4,good
519,173,Awesome product!,2025-04-30 09:41:02.054000+00:00,4,2025,4,good
520,174,Would not buy again!,2025-04-30 09:41:02.054000+00:00,2,2025,4,bad
521,174,Great value for money!,2025-04-30 09:41:02.054000+00:00,4,2025,4,good
522,174,Highly recommended!,2025-04-30 09:41:02.054000+00:00,5,2025,4,excellent
523,175,Awesome product!,2025-04-30 09:41:02.054000+00:00,4,2025,4,good
524,175,Not as described!,2025-04-30 09:41:02.054000+00:00,1,2025,4,bad
525,175,Great value for money!,2025-04-30 09:41:02.054000+00:00,5,2025,4,excellent
526,176,Very pleased!,2025-04-30 09:41:02.054000+00:00,4,2025,4,good
527,176,Great product!,2025-04-30 09:41:02.054000+00:00,5,2025,4,excellent
528,176,Waste of money!,2025-04-30 09:41:02.054000+00:00,1,2025,4,bad
529,177,Great value for money!,2025-04-30 09:41:02.054000+00:00,4,2025,4,good
530,177,Very dissatisfied!,2025-04-30 09:41:02.054000+00:00,3,2025,4,neutral
531,177,Very satisfied!,2025-04-30 09:41:02.054000+00:00,5,2025,4,excellent
532,178,Very happy with my purchase!,2025-04-30 09:41:02.054000+00:00,5,2025,4,excellent
533,178,Highly recommended!,2025-04-30 09:41:02.054000+00:00,4,2025,4,good
534,178,Highly recommended!,2025-04-30 09:41:02.054000+00:00,4,2025,4,good
535,179,Very satisfied!,2025-04-30 09:41:02.054000+00:00,5,2025,4,excellent
536,179,Disappointing product!,2025-04-30 09:41:02.054000+00:00,2,2025,4,bad
537,179,Very happy with my purchase!,2025-04-30 09:41:02.054000+00:00,5,2025,4,excellent
538,180,Fast shipping!,2025-04-30 09:41:02.054000+00:00,4,2025,4,good
539,180,Not worth the price!,2025-04-30 09:41:02.054000+00:00,1,2025,4,bad
540,180,Would not buy again!,2025-04-30 09:41:02.054000+00:00,2,2025,4,bad
541,181,Fast shipping!,2025-04-30 09:41:02.054000+00:00,5,2025,4,excellent
542,181,Very disappointed!,2025-04-30 09:41:02.054000+00:00,3,2025,4,neutral
543,181,Highly impressed!,2025-04-30 09:41:02.054000+00:00,4,2025,4,good
544,182,Would buy again!,2025-04-30 09:41:02.054000+00:00,4,2025,4,good
545,182,Great value for money!,2025-04-30 09:41:02.054000+00:00,5,2025,4,excellent
546,182,Excellent quality!,2025-04-30 09:41:02.054000+00:00,4,2025,4,good
547,183,Would not buy again!,2025-04-30 09:41:02.054000+00:00,3,2025,4,neutral
548,183,Very satisfied!,2025-04-30 09:41:02.054000+00:00,5,2025,4,excellent
549,183,Would buy again!,2025-04-30 09:41:02.054000+00:00,4,2025,4,good
550,184,Great product!,2025-04-30 09:41:02.054000+00:00,5,2025,4,excellent
551,184,Awesome product!,2025-04-30 09:41:02.054000+00:00,4,2025,4,good
552,184,Very unhappy with my purchase!,2025-04-30 09:41:02.054000+00:00,1,2025,4,bad
553,185,Highly impressed!,2025-04-30 09:41:02.054000+00:00,5,2025,4,excellent
554,185,Not worth the price!,2025-04-30 09:41:02.054000+00:00,2,2025,4,bad
555,185,Very happy with my purchase!,2025-04-30 09:41:02.054000+00:00,4,2025,4,good
556,186,Great value for money!,2025-04-30 09:41:02.054000+00:00,5,2025,4,excellent
557,186,Great value for money!,2025-04-30 09:41:02.054000+00:00,5,2025,4,excellent
558,186,Not as described!,2025-04-30 09:41:02.054000+00:00,1,2025,4,bad
559,187,Excellent quality!,2025-04-30 09:41:02.054000+00:00,4,2025,4,good
560,187,Very pleased!,2025-04-30 09:41:02.054000+00:00,5,2025,4,excellent
561,187,Very pleased!,2025-04-30 09:41:02.054000+00:00,4,2025,4,good
562,188,Highly recommended!,2025-04-30 09:41:02.054000+00:00,4,2025,4,good
563,188,Would buy again!,2025-04-30 09:41:02.054000+00:00,4,2025,4,good
564,188,Awesome product!,2025-04-30 09:41:02.054000+00:00,5,2025,4,excellent
565,189,Fast shipping!,2025-04-30 09:41:02.054000+00:00,5,2025,4,excellent
566,189,Awesome product!,2025-04-30 09:41:02.054000+00:00,4,2025,4,good
567,189,Highly impressed!,2025-04-30 09:41:02.054000+00:00,5,2025,4,excellent
568,190,Disappointing product!,2025-04-30 09:41:02.054000+00:00,3,2025,4,neutral
569,190,Great value for money!,2025-04-30 09:41:02.054000+00:00,5,2025,4,excellent
570,190,Would not buy again!,2025-04-30 09:41:02.054000+00:00,3,2025,4,neutral
571,191,Very happy with my purchase!,2025-04-30 09:41:02.054000+00:00,4,2025,4,good
572,191,Fast shipping!,2025-04-30 09:41:02.054000+00:00,5,2025,4,excellent
573,191,Disappointing product!,2025-04-30 09:41:02.054000+00:00,1,2025,4,bad
574,192,Not as described!,2025-04-30 09:41:02.054000+00:00,3,2025,4,neutral
575,192,Highly impressed!,2025-04-30 09:41:02.054000+00:00,5,2025,4,excellent
576,192,Very satisfied!,2025-04-30 09:41:02.054000+00:00,4,2025,4,good
577,193,Highly impressed!,2025-04-30 09:41:02.054000+00:00,4,2025,4,good
578,193,Would buy again!,2025-04-30 09:41:02.054000+00:00,4,2025,4,good
579,193,Great product!,2025-04-30 09:41:02.054000+00:00,5,2025,4,excellent
580,194,Very happy with my purchase!,2025-04-30 09:41:02.054000+00:00,4,2025,4,good
581,194,Highly recommended!,2025-04-30 09:41:02.054000+00:00,5,2025,4,excellent
582,194,Fast shipping!,2025-04-30 09:41:02.054000+00:00,5,2025,4,excellent
